id,timestamp,value,sensor_type,location
1,2025-08-03T23:18:40.917483,957.51,pressure,Building 6-Floor 4
2,2025-07-31T19:50:40.918203,98.46,humidity,Building 9-Floor 2
3,2025-08-01T11:41:40.918216,10.08,temperature,Building 10-Floor 1
4,2025-07-30T20:15:40.918223,1010.38,pressure,Building 17-Floor 3
5,2025-08-03T14:56:40.918230,1007.62,pressure,Building 16-Floor 5
6,2025-07-29T14:45:40.918235,59.87,humidity,Building 11-Floor 1
7,2025-08-04T11:50:40.918241,31.03,temperature,Building 12-Floor 2
8,2025-08-01T16:33:40.918245,43.57,humidity,Building 5-Floor 3
9,2025-07-29T17:50:40.918250,24.73,humidity,Building 14-Floor 1
10,2025-08-01T19:12:40.918255,965.82,pressure,Building 16-Floor 3
11,2025-08-02T11:08:40.918259,22.93,temperature,Building 5-Floor 1
12,2025-07-30T05:35:40.918264,1027.25,pressure,Building 6-Floor 5
13,2025-08-02T08:53:40.918270,13.68,humidity,Building 3-Floor 5
14,2025-08-01T18:13:40.918274,14.09,temperature,Building 4-Floor 4
15,2025-08-01T11:42:40.918279,72.44,humidity,Building 9-Floor 1
16,2025-07-30T11:21:40.918283,925.11,pressure,Building 11-Floor 1
17,2025-07-31T10:26:40.918289,44.41,humidity,Building 5-Floor 4
18,2025-08-01T04:01:40.918295,1000.67,pressure,Building 5-Floor 3
19,2025-08-04T08:01:40.918300,1097.33,pressure,Building 8-Floor 4
20,2025-07-30T06:01:40.918305,2.35,humidity,Building 7-Floor 3
21,2025-07-30T12:23:40.918309,1079.62,pressure,Building 16-Floor 1
22,2025-08-03T12:48:40.918314,941.49,pressure,Building 17-Floor 1
23,2025-08-02T15:26:40.918319,18.66,temperature,Building 17-Floor 1
24,2025-08-03T15:50:40.918323,15.42,humidity,Building 8-Floor 3
25,2025-07-31T06:17:40.918328,35.65,temperature,Building 3-Floor 2
26,2025-08-03T04:16:40.918333,68.42,humidity,Building 11-Floor 4
27,2025-07-31T02:03:40.918338,38.84,humidity,Building 14-Floor 3
28,2025-07-31T08:52:40.918342,950.64,pressure,Building 4-Floor 1
29,2025-08-04T10:08:40.918347,28.69,temperature,Building 16-Floor 1
30,2025-07-29T07:16:40.918352,84.43,humidity,Building 5-Floor 4
31,2025-08-02T15:51:40.918356,1070.53,pressure,Building 8-Floor 5
32,2025-08-01T22:08:40.918361,1015.43,pressure,Building 17-Floor 2
33,2025-08-02T13:44:40.918366,1020.92,pressure,Building 19-Floor 5
34,2025-08-04T11:48:40.918370,1003.62,pressure,Building 7-Floor 2
35,2025-07-31T09:06:40.918375,1013.34,pressure,Building 7-Floor 5
36,2025-08-02T15:22:40.918380,12.85,humidity,Building 3-Floor 2
37,2025-07-30T21:11:40.918384,985.2,pressure,Building 9-Floor 5
38,2025-07-30T05:18:40.918389,9.34,humidity,Building 2-Floor 3
39,2025-08-02T11:59:40.918393,61.93,humidity,Building 11-Floor 3
40,2025-07-29T15:54:40.918398,39.09,temperature,Building 5-Floor 1
41,2025-08-01T12:35:40.918402,33.97,temperature,Building 19-Floor 2
42,2025-08-04T00:47:40.918407,20.2,temperature,Building 19-Floor 3
43,2025-07-31T21:57:40.918411,999.8,pressure,Building 4-Floor 3
44,2025-08-01T06:51:40.918416,39.63,temperature,Building 2-Floor 4
45,2025-07-29T23:31:40.918420,30.9,humidity,Building 3-Floor 5
46,2025-07-29T15:22:40.918425,1066.22,pressure,Building 13-Floor 4
47,2025-08-02T11:50:40.918429,22.5,temperature,Building 13-Floor 3
48,2025-08-03T05:38:40.918434,36.89,temperature,Building 4-Floor 2
49,2025-08-02T03:31:40.918438,73.76,humidity,Building 12-Floor 1
50,2025-07-30T02:46:40.918443,921.5,pressure,Building 4-Floor 5
51,2025-07-31T22:14:40.918447,994.28,pressure,Building 13-Floor 5
52,2025-08-01T12:42:40.918452,14.11,temperature,Building 8-Floor 4
53,2025-08-03T03:00:40.918459,54.78,humidity,Building 11-Floor 4
54,2025-08-02T21:40:40.918464,930.19,pressure,Building 18-Floor 5
55,2025-08-01T23:40:40.918468,999.88,pressure,Building 20-Floor 5
56,2025-07-29T21:09:40.918473,976.87,pressure,Building 2-Floor 4
57,2025-08-04T05:23:40.918478,36.78,temperature,Building 20-Floor 5
58,2025-08-01T23:35:40.918482,3.07,humidity,Building 6-Floor 2
59,2025-07-30T15:27:40.918487,61.52,humidity,Building 12-Floor 1
60,2025-07-30T05:40:40.918491,36.79,temperature,Building 5-Floor 4
61,2025-08-03T15:00:40.918496,36.72,temperature,Building 19-Floor 5
62,2025-08-04T14:17:40.918500,16.94,temperature,Building 8-Floor 3
63,2025-07-29T07:20:40.918505,18.95,temperature,Building 11-Floor 2
64,2025-08-03T14:56:40.918510,962.85,pressure,Building 20-Floor 2
65,2025-07-30T12:07:40.918514,923.89,pressure,Building 6-Floor 5
66,2025-07-29T17:00:40.918519,25.89,temperature,Building 9-Floor 5
67,2025-07-30T07:21:40.918524,39.84,temperature,Building 6-Floor 2
68,2025-08-03T17:22:40.918528,50.05,humidity,Building 17-Floor 5
69,2025-07-29T07:20:40.918533,27.38,temperature,Building 1-Floor 2
70,2025-07-31T06:26:40.918537,12.23,temperature,Building 17-Floor 2
71,2025-08-03T09:08:40.918542,938.56,pressure,Building 17-Floor 1
72,2025-07-30T17:37:40.918546,1044.68,pressure,Building 13-Floor 2
73,2025-07-30T01:19:40.918551,13.56,temperature,Building 1-Floor 5
74,2025-08-04T09:07:40.918555,10.06,humidity,Building 20-Floor 3
75,2025-08-04T14:49:40.918559,1086.2,pressure,Building 19-Floor 2
76,2025-07-28T18:32:40.918564,28.72,humidity,Building 20-Floor 1
77,2025-08-02T23:49:40.918569,70.82,humidity,Building 1-Floor 1
78,2025-08-02T21:07:40.918574,65.28,humidity,Building 2-Floor 1
79,2025-08-02T11:00:40.918579,1017.65,pressure,Building 11-Floor 4
80,2025-08-01T17:40:40.918583,83.39,humidity,Building 9-Floor 3
81,2025-07-30T09:58:40.918588,930.35,pressure,Building 20-Floor 4
82,2025-07-29T14:42:40.918593,92.77,humidity,Building 9-Floor 1
83,2025-08-04T01:58:40.918597,49.98,humidity,Building 10-Floor 5
84,2025-07-29T16:00:40.918602,39.25,temperature,Building 1-Floor 3
85,2025-07-31T13:18:40.918606,21.44,temperature,Building 11-Floor 1
86,2025-07-29T17:58:40.918611,994.76,pressure,Building 11-Floor 2
87,2025-08-02T18:37:40.918615,36.1,humidity,Building 18-Floor 4
88,2025-08-01T07:46:40.918620,1092.04,pressure,Building 16-Floor 2
89,2025-07-29T03:23:40.918626,962.79,pressure,Building 19-Floor 3
90,2025-07-31T15:42:40.918631,12.12,humidity,Building 9-Floor 4
91,2025-08-01T02:36:40.918636,96.27,humidity,Building 4-Floor 3
92,2025-07-31T11:47:40.918640,33.16,temperature,Building 10-Floor 4
93,2025-08-01T02:39:40.918645,15.16,temperature,Building 19-Floor 1
94,2025-07-29T18:29:40.918650,18.45,temperature,Building 15-Floor 1
95,2025-07-31T08:47:40.918654,22.75,humidity,Building 19-Floor 4
96,2025-07-29T20:25:40.918659,1093.78,pressure,Building 8-Floor 3
97,2025-07-29T04:53:40.918663,12.93,temperature,Building 13-Floor 2
98,2025-08-02T22:31:40.918668,49.57,humidity,Building 9-Floor 2
99,2025-07-31T04:09:40.918672,1044.49,pressure,Building 11-Floor 4
100,2025-08-03T18:36:40.918677,15.72,temperature,Building 2-Floor 5
101,2025-07-30T19:43:40.918681,19.69,temperature,Building 3-Floor 3
102,2025-08-01T17:27:40.918686,91.74,humidity,Building 2-Floor 2
103,2025-08-03T19:56:40.918690,14.9,temperature,Building 10-Floor 5
104,2025-07-30T18:21:40.918695,1078.29,pressure,Building 8-Floor 2
105,2025-07-29T21:30:40.918699,917.33,pressure,Building 17-Floor 3
106,2025-07-30T21:08:40.918704,73.03,humidity,Building 3-Floor 1
107,2025-08-03T20:42:40.918708,62.06,humidity,Building 8-Floor 4
108,2025-07-30T21:43:40.918713,1053.18,pressure,Building 9-Floor 1
109,2025-07-28T23:52:40.918718,1040.55,pressure,Building 9-Floor 5
110,2025-07-31T09:54:40.918722,74.26,humidity,Building 14-Floor 3
111,2025-08-02T16:19:40.918727,18.82,temperature,Building 6-Floor 5
112,2025-07-29T14:04:40.918731,93.1,humidity,Building 12-Floor 4
113,2025-07-29T23:24:40.918736,31.83,temperature,Building 2-Floor 2
114,2025-07-29T08:31:40.918740,78.88,humidity,Building 8-Floor 3
115,2025-07-30T08:46:40.918745,11.13,temperature,Building 20-Floor 5
116,2025-07-31T13:32:40.918749,55.58,humidity,Building 4-Floor 1
117,2025-08-03T18:52:40.918754,1019.83,pressure,Building 1-Floor 3
118,2025-08-02T15:37:40.918758,35.48,temperature,Building 13-Floor 5
119,2025-08-01T10:56:40.918762,26.83,temperature,Building 11-Floor 5
120,2025-07-30T10:47:40.918767,29.03,humidity,Building 14-Floor 4
121,2025-08-03T01:24:40.918771,36.38,temperature,Building 1-Floor 4
122,2025-08-04T13:41:40.918776,16.13,temperature,Building 6-Floor 1
123,2025-08-01T06:08:40.918856,1049.45,pressure,Building 9-Floor 1
124,2025-07-31T21:29:40.918862,17.06,temperature,Building 19-Floor 3
125,2025-07-31T13:13:40.918867,12.33,temperature,Building 18-Floor 3
126,2025-07-30T12:20:40.918872,983.98,pressure,Building 15-Floor 5
127,2025-08-02T06:25:40.918876,1062.36,pressure,Building 13-Floor 1
128,2025-07-30T07:51:40.918881,1043.81,pressure,Building 17-Floor 3
129,2025-07-31T19:42:40.918886,32.55,temperature,Building 20-Floor 5
130,2025-07-30T06:49:40.918890,1043.28,pressure,Building 13-Floor 2
131,2025-07-29T22:26:40.918894,962.09,pressure,Building 12-Floor 3
132,2025-07-31T11:55:40.918899,6.92,humidity,Building 1-Floor 5
133,2025-08-03T22:27:40.918903,1018.84,pressure,Building 14-Floor 1
134,2025-07-30T12:12:40.918908,47.61,humidity,Building 20-Floor 4
135,2025-07-30T22:56:40.918912,35.39,humidity,Building 20-Floor 5
136,2025-07-30T16:03:40.918917,76.44,humidity,Building 13-Floor 3
137,2025-08-03T01:59:40.918921,34.63,humidity,Building 14-Floor 3
138,2025-08-02T18:35:40.918926,69.83,humidity,Building 16-Floor 1
139,2025-08-03T17:33:40.918930,82.9,humidity,Building 14-Floor 1
140,2025-07-30T17:16:40.918935,37.46,temperature,Building 3-Floor 1
141,2025-08-03T15:03:40.918939,24.65,temperature,Building 6-Floor 4
142,2025-07-30T18:34:40.918944,11.54,temperature,Building 1-Floor 5
143,2025-08-03T08:05:40.918948,79.58,humidity,Building 9-Floor 3
144,2025-07-30T22:38:40.918952,1039.34,pressure,Building 11-Floor 1
145,2025-08-02T12:27:40.918957,89.79,humidity,Building 18-Floor 2
146,2025-07-30T01:45:40.918962,52.82,humidity,Building 12-Floor 4
147,2025-08-03T00:43:40.918966,81.5,humidity,Building 12-Floor 3
148,2025-08-01T12:44:40.918971,962.78,pressure,Building 19-Floor 1
149,2025-07-31T18:22:40.918975,1028.38,pressure,Building 15-Floor 3
150,2025-08-04T03:49:40.918980,75.49,humidity,Building 16-Floor 2
151,2025-07-30T01:27:40.918984,966.75,pressure,Building 4-Floor 3
152,2025-08-02T16:21:40.918989,24.95,temperature,Building 12-Floor 4
153,2025-08-02T19:31:40.918994,943.05,pressure,Building 3-Floor 2
154,2025-07-31T01:58:40.918998,1049.14,pressure,Building 10-Floor 3
155,2025-07-30T09:20:40.919003,1001.09,pressure,Building 15-Floor 2
156,2025-07-29T20:26:40.919007,7.33,humidity,Building 3-Floor 4
157,2025-07-30T08:43:40.919012,953.74,pressure,Building 10-Floor 3
158,2025-07-29T16:41:40.919016,37.41,temperature,Building 5-Floor 1
159,2025-07-30T21:25:40.919021,17.09,temperature,Building 15-Floor 4
160,2025-08-02T11:23:40.919025,1064.64,pressure,Building 8-Floor 4
161,2025-08-01T05:59:40.919030,1042.41,pressure,Building 17-Floor 5
162,2025-07-30T12:34:40.919034,37.81,humidity,Building 15-Floor 2
163,2025-08-02T15:26:40.919038,54.37,humidity,Building 19-Floor 3
164,2025-08-02T16:12:40.919043,1035.25,pressure,Building 8-Floor 5
165,2025-08-02T07:00:40.919048,1009.42,pressure,Building 14-Floor 1
166,2025-08-02T11:38:40.919052,96.55,humidity,Building 20-Floor 5
167,2025-07-31T04:02:40.919057,48.59,humidity,Building 2-Floor 5
168,2025-08-03T08:28:40.919061,58.56,humidity,Building 1-Floor 3
169,2025-08-02T04:29:40.919066,1019.96,pressure,Building 16-Floor 5
170,2025-07-29T05:17:40.919070,1094.39,pressure,Building 13-Floor 1
171,2025-08-04T15:46:40.919074,950.08,pressure,Building 14-Floor 3
172,2025-07-29T03:58:40.919079,1066.91,pressure,Building 14-Floor 3
173,2025-08-04T02:29:40.919083,54.19,humidity,Building 18-Floor 5
174,2025-08-02T13:48:40.919088,29.54,temperature,Building 2-Floor 1
175,2025-08-02T09:23:40.919092,17.38,temperature,Building 19-Floor 2
176,2025-08-04T07:00:40.919097,35.61,humidity,Building 8-Floor 1
177,2025-08-01T13:21:40.919101,34.79,temperature,Building 20-Floor 5
178,2025-07-29T05:26:40.919105,917.92,pressure,Building 1-Floor 3
179,2025-07-30T03:03:40.919110,1026.5,pressure,Building 5-Floor 3
180,2025-08-04T11:31:40.919114,18.74,temperature,Building 14-Floor 3
181,2025-07-31T06:25:40.919119,10.61,temperature,Building 10-Floor 1
182,2025-07-29T01:34:40.919123,19.81,humidity,Building 2-Floor 2
183,2025-07-30T23:33:40.919128,10.92,temperature,Building 2-Floor 4
184,2025-08-03T10:29:40.919132,0.91,humidity,Building 13-Floor 5
185,2025-08-02T21:18:40.919137,2.06,humidity,Building 14-Floor 5
186,2025-07-30T03:35:40.919141,953.05,pressure,Building 1-Floor 4
187,2025-08-03T08:46:40.919146,1095.07,pressure,Building 3-Floor 4
188,2025-07-30T05:04:40.919151,1084.35,pressure,Building 6-Floor 3
189,2025-08-04T14:18:40.919155,1058.73,pressure,Building 4-Floor 4
190,2025-08-01T22:06:40.919160,906.76,pressure,Building 14-Floor 1
191,2025-07-30T04:51:40.919164,1011.37,pressure,Building 9-Floor 2
192,2025-07-31T20:31:40.919168,13.35,temperature,Building 16-Floor 2
193,2025-07-31T19:44:40.919173,22.15,humidity,Building 10-Floor 1
194,2025-08-03T05:40:40.919177,25.77,temperature,Building 10-Floor 5
195,2025-08-01T09:59:40.919182,94.95,humidity,Building 3-Floor 5
196,2025-08-04T17:58:40.919186,46.13,humidity,Building 15-Floor 1
197,2025-08-04T17:57:40.919190,66.47,humidity,Building 19-Floor 5
198,2025-08-04T13:45:40.919195,59.35,humidity,Building 13-Floor 4
199,2025-08-04T13:58:40.919199,915.9,pressure,Building 17-Floor 1
200,2025-08-01T07:56:40.919204,930.91,pressure,Building 1-Floor 4
201,2025-08-02T04:17:40.919208,32.29,temperature,Building 20-Floor 4
202,2025-08-02T01:29:40.919213,22.19,temperature,Building 18-Floor 3
203,2025-08-02T04:15:40.919217,34.54,humidity,Building 2-Floor 1
204,2025-07-29T03:08:40.919222,987.1,pressure,Building 9-Floor 1
205,2025-07-28T19:55:40.919226,69.66,humidity,Building 19-Floor 1
206,2025-07-29T01:04:40.919231,23.36,temperature,Building 14-Floor 1
207,2025-08-04T14:03:40.919235,18.36,temperature,Building 17-Floor 1
208,2025-07-30T12:57:40.919240,39.48,humidity,Building 8-Floor 5
209,2025-08-04T15:42:40.919244,31.94,temperature,Building 7-Floor 4
210,2025-08-03T14:34:40.919248,34.77,humidity,Building 14-Floor 1
211,2025-08-04T00:57:40.919253,1080.19,pressure,Building 10-Floor 4
212,2025-08-01T05:40:40.919257,1042.95,pressure,Building 18-Floor 5
213,2025-07-30T13:53:40.919262,39.9,humidity,Building 2-Floor 5
214,2025-08-02T23:23:40.919267,982.8,pressure,Building 11-Floor 2
215,2025-07-30T07:52:40.919271,1040.94,pressure,Building 14-Floor 3
216,2025-08-01T15:22:40.919276,27.2,temperature,Building 7-Floor 2
217,2025-08-04T04:13:40.919281,7.6,humidity,Building 20-Floor 5
218,2025-07-29T21:06:40.919285,962.92,pressure,Building 7-Floor 5
219,2025-08-04T06:13:40.919290,7.76,humidity,Building 13-Floor 3
220,2025-07-30T11:47:40.919294,990.04,pressure,Building 7-Floor 4
221,2025-08-02T06:15:40.919299,34.18,humidity,Building 13-Floor 4
222,2025-08-01T03:56:40.919303,70.1,humidity,Building 17-Floor 2
223,2025-07-30T21:37:40.919308,60.53,humidity,Building 3-Floor 1
224,2025-08-03T01:03:40.919312,1065.2,pressure,Building 1-Floor 4
225,2025-08-03T15:43:40.919317,993.52,pressure,Building 10-Floor 4
226,2025-07-30T19:20:40.919321,1074.78,pressure,Building 1-Floor 5
227,2025-08-02T04:24:40.919326,30.4,temperature,Building 4-Floor 5
228,2025-08-02T02:03:40.919330,89.16,humidity,Building 15-Floor 2
229,2025-08-01T00:30:40.919335,91.85,humidity,Building 6-Floor 1
230,2025-08-04T01:22:40.919339,62.24,humidity,Building 6-Floor 4
231,2025-08-04T10:45:40.919344,929.26,pressure,Building 2-Floor 4
232,2025-08-03T02:18:40.919349,1042.57,pressure,Building 15-Floor 4
233,2025-07-31T01:20:40.919353,21.69,temperature,Building 9-Floor 2
234,2025-07-30T01:49:40.919358,90.41,humidity,Building 8-Floor 2
235,2025-07-31T15:05:40.919362,16.8,humidity,Building 20-Floor 2
236,2025-08-02T04:52:40.919367,18.25,humidity,Building 13-Floor 4
237,2025-07-31T01:32:40.919371,77.76,humidity,Building 8-Floor 3
238,2025-08-03T00:05:40.919376,23.34,temperature,Building 5-Floor 1
239,2025-08-02T19:12:40.919380,37.26,humidity,Building 10-Floor 3
240,2025-07-31T14:46:40.919385,34.35,temperature,Building 13-Floor 4
241,2025-07-29T01:21:40.919389,17.05,temperature,Building 5-Floor 4
242,2025-08-02T09:39:40.919393,24.81,temperature,Building 1-Floor 5
243,2025-07-30T13:22:40.919398,1088.09,pressure,Building 19-Floor 5
244,2025-07-31T01:18:40.919416,37.48,temperature,Building 16-Floor 1
245,2025-07-30T16:35:40.919422,987.65,pressure,Building 16-Floor 4
246,2025-08-03T17:36:40.919427,946.75,pressure,Building 8-Floor 3
247,2025-08-01T07:12:40.919431,14.04,temperature,Building 2-Floor 4
248,2025-07-29T14:41:40.919436,85.0,humidity,Building 5-Floor 5
249,2025-07-30T20:21:40.919441,1004.02,pressure,Building 7-Floor 2
250,2025-07-31T20:02:40.919445,49.09,humidity,Building 18-Floor 2
251,2025-07-29T15:17:40.919450,61.8,humidity,Building 20-Floor 5
252,2025-07-31T04:27:40.919454,13.97,temperature,Building 13-Floor 5
253,2025-08-01T19:14:40.919459,8.88,humidity,Building 2-Floor 1
254,2025-07-31T15:33:40.919463,77.09,humidity,Building 17-Floor 1
255,2025-07-29T20:22:40.919467,96.61,humidity,Building 15-Floor 1
256,2025-07-30T13:48:40.919472,1011.17,pressure,Building 7-Floor 4
257,2025-08-01T03:33:40.919476,14.23,humidity,Building 2-Floor 3
258,2025-07-31T12:10:40.919481,1089.92,pressure,Building 6-Floor 5
259,2025-07-29T15:31:40.919486,26.56,humidity,Building 5-Floor 4
260,2025-07-31T13:51:40.919491,42.59,humidity,Building 7-Floor 5
261,2025-07-29T22:45:40.919495,58.97,humidity,Building 12-Floor 1
262,2025-07-30T17:43:40.919500,926.97,pressure,Building 5-Floor 5
263,2025-07-31T00:29:40.919504,39.26,temperature,Building 13-Floor 1
264,2025-08-04T04:21:40.919509,79.0,humidity,Building 11-Floor 3
265,2025-07-31T04:49:40.919513,913.14,pressure,Building 2-Floor 2
266,2025-08-04T05:32:40.919518,26.5,temperature,Building 20-Floor 2
267,2025-08-02T11:01:40.919522,76.13,humidity,Building 5-Floor 4
268,2025-07-29T00:58:40.919527,21.67,temperature,Building 10-Floor 1
269,2025-08-04T15:02:40.919531,970.14,pressure,Building 12-Floor 1
270,2025-07-29T20:28:40.919536,904.64,pressure,Building 5-Floor 2
271,2025-08-02T19:19:40.919541,32.2,temperature,Building 13-Floor 2
272,2025-07-30T16:39:40.919545,51.27,humidity,Building 15-Floor 5
273,2025-08-03T22:44:40.919550,986.03,pressure,Building 11-Floor 3
274,2025-07-29T13:54:40.919554,26.14,temperature,Building 13-Floor 4
275,2025-08-04T06:24:40.919559,1024.61,pressure,Building 2-Floor 5
276,2025-08-01T16:12:40.919564,1099.96,pressure,Building 14-Floor 4
277,2025-08-01T14:15:40.919568,944.18,pressure,Building 1-Floor 1
278,2025-08-02T00:36:40.919572,17.94,temperature,Building 18-Floor 4
279,2025-07-31T13:27:40.919577,1055.37,pressure,Building 3-Floor 2
280,2025-07-28T20:36:40.919581,34.24,humidity,Building 5-Floor 2
281,2025-08-04T06:35:40.919586,940.23,pressure,Building 8-Floor 5
282,2025-08-02T16:27:40.919590,951.0,pressure,Building 10-Floor 1
283,2025-08-01T15:15:40.919595,39.14,temperature,Building 6-Floor 1
284,2025-07-29T23:58:40.919599,87.63,humidity,Building 3-Floor 1
285,2025-07-30T03:40:40.919604,1028.01,pressure,Building 16-Floor 2
286,2025-07-29T00:19:40.919608,901.99,pressure,Building 15-Floor 2
287,2025-08-01T17:04:40.919613,19.96,temperature,Building 4-Floor 3
288,2025-08-01T00:56:40.919617,974.86,pressure,Building 3-Floor 1
289,2025-08-04T03:08:40.919622,36.88,temperature,Building 2-Floor 5
290,2025-07-29T14:04:40.919626,16.73,temperature,Building 3-Floor 3
291,2025-08-01T12:29:40.919631,16.77,humidity,Building 13-Floor 1
292,2025-08-01T16:30:40.919635,47.21,humidity,Building 6-Floor 2
293,2025-08-03T06:30:40.919640,934.78,pressure,Building 9-Floor 4
294,2025-08-04T08:41:40.919644,14.88,humidity,Building 16-Floor 1
295,2025-08-04T05:19:40.919649,27.9,temperature,Building 17-Floor 3
296,2025-08-02T05:04:40.919653,30.06,temperature,Building 7-Floor 5
297,2025-08-03T06:08:40.919658,77.47,humidity,Building 7-Floor 1
298,2025-08-03T06:02:40.919662,54.89,humidity,Building 5-Floor 5
299,2025-08-03T23:25:40.919666,17.68,temperature,Building 15-Floor 1
300,2025-07-31T02:22:40.919671,55.08,humidity,Building 13-Floor 1
301,2025-08-03T23:11:40.919675,1002.66,pressure,Building 9-Floor 2
302,2025-08-01T20:28:40.919680,12.25,temperature,Building 1-Floor 2
303,2025-07-31T23:20:40.919684,903.21,pressure,Building 15-Floor 3
304,2025-08-04T03:26:40.919689,75.88,humidity,Building 20-Floor 2
305,2025-08-01T20:01:40.919693,942.67,pressure,Building 18-Floor 2
306,2025-07-30T21:50:40.919698,1048.24,pressure,Building 17-Floor 4
307,2025-07-28T23:57:40.919703,30.9,temperature,Building 10-Floor 3
308,2025-07-29T03:34:40.919707,63.13,humidity,Building 10-Floor 1
309,2025-07-28T23:53:40.919712,1089.11,pressure,Building 17-Floor 4
310,2025-07-28T23:54:40.919717,58.78,humidity,Building 5-Floor 3
311,2025-08-02T12:24:40.919721,31.22,humidity,Building 5-Floor 1
312,2025-08-02T13:31:40.919726,992.76,pressure,Building 16-Floor 3
313,2025-08-01T10:46:40.919730,920.65,pressure,Building 15-Floor 3
314,2025-08-01T16:06:40.919735,1015.5,pressure,Building 11-Floor 5
315,2025-08-03T12:34:40.919739,34.89,temperature,Building 19-Floor 3
316,2025-07-30T22:30:40.919744,946.68,pressure,Building 14-Floor 5
317,2025-08-03T04:17:40.919748,10.62,temperature,Building 19-Floor 1
318,2025-08-03T22:11:40.919753,22.82,temperature,Building 9-Floor 3
319,2025-07-30T05:24:40.919758,95.67,humidity,Building 8-Floor 3
320,2025-07-31T05:14:40.919762,14.99,temperature,Building 15-Floor 1
321,2025-07-30T14:40:40.919767,28.2,temperature,Building 3-Floor 4
322,2025-08-02T15:02:40.919772,1065.1,pressure,Building 1-Floor 3
323,2025-08-04T08:23:40.919776,948.78,pressure,Building 2-Floor 5
324,2025-07-29T03:25:40.919781,10.01,humidity,Building 8-Floor 1
325,2025-08-01T23:29:40.919785,56.76,humidity,Building 6-Floor 5
326,2025-07-28T23:59:40.919790,12.88,humidity,Building 4-Floor 4
327,2025-07-30T14:58:40.919794,18.71,temperature,Building 14-Floor 5
328,2025-07-30T07:16:40.919799,38.62,humidity,Building 20-Floor 2
329,2025-08-01T01:47:40.919803,924.3,pressure,Building 14-Floor 2
330,2025-07-30T11:57:40.919808,97.5,humidity,Building 16-Floor 3
331,2025-08-03T13:33:40.919812,933.1,pressure,Building 14-Floor 4
332,2025-08-01T06:24:40.919817,18.13,temperature,Building 2-Floor 1
333,2025-07-31T22:01:40.919821,93.83,humidity,Building 10-Floor 1
334,2025-08-03T07:33:40.919826,949.98,pressure,Building 16-Floor 1
335,2025-08-02T12:08:40.919830,960.14,pressure,Building 4-Floor 4
336,2025-07-31T16:33:40.919835,34.77,temperature,Building 8-Floor 2
337,2025-07-30T01:25:40.919840,980.24,pressure,Building 18-Floor 2
338,2025-07-30T21:12:40.919844,17.19,humidity,Building 8-Floor 2
339,2025-07-29T02:35:40.919849,943.19,pressure,Building 20-Floor 4
340,2025-08-04T17:17:40.919854,72.76,humidity,Building 7-Floor 4
341,2025-07-30T05:31:40.919858,35.94,temperature,Building 11-Floor 1
342,2025-08-02T05:23:40.919863,1080.37,pressure,Building 4-Floor 5
343,2025-08-02T04:04:40.919867,11.84,temperature,Building 11-Floor 2
344,2025-08-02T13:14:40.919872,979.78,pressure,Building 6-Floor 4
345,2025-07-29T00:59:40.919876,1033.78,pressure,Building 2-Floor 1
346,2025-08-03T15:15:40.919880,30.22,temperature,Building 13-Floor 4
347,2025-08-03T17:21:40.919885,49.09,humidity,Building 8-Floor 1
348,2025-08-03T21:42:40.919889,56.82,humidity,Building 14-Floor 3
349,2025-08-01T22:13:40.919894,94.76,humidity,Building 15-Floor 3
350,2025-07-30T14:58:40.919898,990.26,pressure,Building 17-Floor 4
351,2025-08-04T09:43:40.919903,950.54,pressure,Building 16-Floor 1
352,2025-08-02T23:02:40.919907,926.44,pressure,Building 17-Floor 4
353,2025-08-02T22:03:40.919912,11.52,temperature,Building 15-Floor 4
354,2025-08-01T01:40:40.919916,1032.1,pressure,Building 6-Floor 2
355,2025-07-31T20:26:40.919921,36.36,temperature,Building 13-Floor 4
356,2025-07-29T18:14:40.919925,34.83,temperature,Building 7-Floor 3
357,2025-08-04T13:18:40.919930,4.95,humidity,Building 15-Floor 3
358,2025-07-31T05:35:40.919934,88.38,humidity,Building 10-Floor 2
359,2025-08-03T08:22:40.919939,82.8,humidity,Building 16-Floor 3
360,2025-07-31T11:23:40.919943,12.0,temperature,Building 2-Floor 4
361,2025-08-01T21:31:40.919947,34.41,temperature,Building 14-Floor 3
362,2025-08-03T14:14:40.919952,70.57,humidity,Building 18-Floor 3
363,2025-08-03T02:59:40.919957,96.51,humidity,Building 18-Floor 4
364,2025-08-03T11:16:40.919961,2.28,humidity,Building 18-Floor 3
365,2025-08-04T15:22:40.919983,76.84,humidity,Building 14-Floor 1
366,2025-08-03T17:55:40.919989,76.9,humidity,Building 14-Floor 3
367,2025-07-31T18:49:40.919993,37.2,temperature,Building 11-Floor 4
368,2025-07-31T08:08:40.919998,10.77,temperature,Building 8-Floor 3
369,2025-07-31T01:45:40.920002,909.25,pressure,Building 15-Floor 5
370,2025-07-29T17:22:40.920007,39.9,temperature,Building 15-Floor 1
371,2025-07-29T07:04:40.920011,951.15,pressure,Building 19-Floor 1
372,2025-08-04T01:11:40.920016,58.14,humidity,Building 18-Floor 2
373,2025-08-02T09:03:40.920020,1011.43,pressure,Building 4-Floor 3
374,2025-08-01T23:58:40.920025,5.12,humidity,Building 11-Floor 2
375,2025-08-04T10:16:40.920029,999.21,pressure,Building 16-Floor 1
376,2025-08-04T08:03:40.920034,35.71,temperature,Building 4-Floor 1
377,2025-07-30T05:52:40.920039,988.31,pressure,Building 10-Floor 1
378,2025-07-31T05:20:40.920043,23.61,temperature,Building 19-Floor 2
379,2025-07-29T01:11:40.920048,37.36,temperature,Building 10-Floor 5
380,2025-07-28T23:13:40.920052,78.13,humidity,Building 10-Floor 4
381,2025-08-03T21:41:40.920057,88.58,humidity,Building 10-Floor 4
382,2025-07-31T17:29:40.920061,98.16,humidity,Building 18-Floor 2
383,2025-07-28T21:38:40.920065,980.64,pressure,Building 9-Floor 3
384,2025-08-02T08:34:40.920070,996.73,pressure,Building 12-Floor 3
385,2025-07-29T19:17:40.920075,1044.05,pressure,Building 18-Floor 1
386,2025-07-29T11:27:40.920079,1014.98,pressure,Building 2-Floor 5
387,2025-07-29T08:50:40.920084,23.2,temperature,Building 9-Floor 5
388,2025-07-29T21:47:40.920089,82.05,humidity,Building 13-Floor 3
389,2025-07-30T06:22:40.920094,8.93,humidity,Building 15-Floor 3
390,2025-08-01T22:23:40.920098,80.17,humidity,Building 18-Floor 4
391,2025-07-29T03:20:40.920103,30.88,temperature,Building 19-Floor 5
392,2025-07-29T15:14:40.920107,1023.45,pressure,Building 15-Floor 1
393,2025-08-04T15:14:40.920112,62.73,humidity,Building 16-Floor 5
394,2025-08-01T06:05:40.920116,89.89,humidity,Building 18-Floor 3
395,2025-07-31T03:29:40.920121,14.87,temperature,Building 13-Floor 3
396,2025-07-30T11:56:40.920125,22.56,humidity,Building 19-Floor 5
397,2025-07-30T17:10:40.920130,33.83,temperature,Building 10-Floor 4
398,2025-07-28T19:44:40.920134,19.31,humidity,Building 12-Floor 5
399,2025-08-02T21:53:40.920139,972.97,pressure,Building 10-Floor 1
400,2025-07-29T09:57:40.920143,979.85,pressure,Building 8-Floor 2
401,2025-07-31T12:55:40.920148,1054.87,pressure,Building 3-Floor 1
402,2025-07-31T07:38:40.920152,37.76,temperature,Building 18-Floor 5
403,2025-07-29T11:56:40.920157,95.02,humidity,Building 11-Floor 2
404,2025-07-30T22:50:40.920162,23.14,humidity,Building 3-Floor 4
405,2025-07-31T17:57:40.920166,24.77,temperature,Building 15-Floor 1
406,2025-08-02T22:53:40.920171,97.86,humidity,Building 18-Floor 1
407,2025-07-31T02:29:40.920175,27.37,temperature,Building 10-Floor 1
408,2025-08-01T10:33:40.920180,91.47,humidity,Building 18-Floor 3
409,2025-08-02T16:47:40.920184,914.19,pressure,Building 12-Floor 3
410,2025-08-01T17:22:40.920189,10.02,temperature,Building 11-Floor 4
411,2025-08-02T14:15:40.920193,32.02,temperature,Building 17-Floor 3
412,2025-07-30T12:09:40.920197,999.72,pressure,Building 10-Floor 5
413,2025-07-29T09:47:40.920202,80.13,humidity,Building 2-Floor 1
414,2025-08-02T15:58:40.920206,970.98,pressure,Building 15-Floor 1
415,2025-07-31T00:10:40.920211,963.22,pressure,Building 9-Floor 2
416,2025-07-29T07:56:40.920216,1013.56,pressure,Building 1-Floor 4
417,2025-08-01T02:39:40.920220,31.69,temperature,Building 1-Floor 5
418,2025-08-02T11:42:40.920225,900.07,pressure,Building 5-Floor 3
419,2025-08-01T04:19:40.920229,11.66,temperature,Building 8-Floor 1
420,2025-07-31T10:25:40.920234,918.17,pressure,Building 5-Floor 4
421,2025-07-29T04:39:40.920238,17.57,temperature,Building 17-Floor 4
422,2025-08-04T04:56:40.920243,1034.22,pressure,Building 13-Floor 2
423,2025-08-04T18:23:40.920247,1021.47,pressure,Building 2-Floor 1
424,2025-08-04T14:33:40.920252,1015.31,pressure,Building 17-Floor 5
425,2025-08-01T22:26:40.920257,1000.7,pressure,Building 16-Floor 4
426,2025-07-30T21:10:40.920261,998.18,pressure,Building 14-Floor 2
427,2025-08-02T17:22:40.920266,12.46,temperature,Building 7-Floor 2
428,2025-07-30T14:21:40.920270,4.74,humidity,Building 17-Floor 3
429,2025-08-04T00:25:40.920275,37.96,temperature,Building 6-Floor 1
430,2025-08-01T04:15:40.920279,1059.94,pressure,Building 9-Floor 3
431,2025-07-31T03:39:40.920284,94.94,humidity,Building 16-Floor 4
432,2025-08-01T20:03:40.920288,10.46,temperature,Building 10-Floor 5
433,2025-07-30T07:37:40.920293,50.25,humidity,Building 5-Floor 5
434,2025-08-03T18:25:40.920297,19.49,temperature,Building 11-Floor 1
435,2025-07-31T01:41:40.920302,11.77,temperature,Building 1-Floor 4
436,2025-08-04T14:55:40.920306,66.87,humidity,Building 10-Floor 2
437,2025-07-28T22:37:40.920311,1082.23,pressure,Building 14-Floor 2
438,2025-08-04T09:57:40.920315,914.84,pressure,Building 5-Floor 5
439,2025-07-31T22:31:40.920320,23.62,temperature,Building 15-Floor 2
440,2025-07-30T14:31:40.920324,21.24,temperature,Building 10-Floor 3
441,2025-08-01T19:36:40.920329,29.24,humidity,Building 4-Floor 4
442,2025-08-02T16:06:40.920334,3.7,humidity,Building 18-Floor 3
443,2025-08-02T04:33:40.920338,917.91,pressure,Building 18-Floor 3
444,2025-08-03T10:24:40.920343,37.71,temperature,Building 12-Floor 1
445,2025-08-02T20:23:40.920347,5.59,humidity,Building 12-Floor 3
446,2025-07-30T19:01:40.920352,39.38,temperature,Building 20-Floor 2
447,2025-08-04T00:56:40.920356,99.75,humidity,Building 8-Floor 5
448,2025-07-30T02:34:40.920361,22.64,temperature,Building 17-Floor 4
449,2025-07-28T19:37:40.920365,36.88,temperature,Building 9-Floor 3
450,2025-07-30T10:24:40.920370,42.39,humidity,Building 9-Floor 5
451,2025-07-31T17:50:40.920374,943.6,pressure,Building 16-Floor 4
452,2025-08-01T21:53:40.920379,63.7,humidity,Building 5-Floor 2
453,2025-08-04T02:45:40.920383,28.62,humidity,Building 16-Floor 2
454,2025-08-04T13:43:40.920388,21.97,temperature,Building 11-Floor 4
455,2025-08-04T06:36:40.920392,36.44,temperature,Building 20-Floor 1
456,2025-07-30T23:36:40.920397,983.0,pressure,Building 3-Floor 4
457,2025-08-04T01:38:40.920401,65.55,humidity,Building 16-Floor 3
458,2025-07-29T03:23:40.920406,30.08,temperature,Building 12-Floor 1
459,2025-08-04T08:31:40.920410,38.25,temperature,Building 16-Floor 1
460,2025-07-31T01:53:40.920415,0.13,humidity,Building 18-Floor 5
461,2025-08-02T11:56:40.920420,1080.68,pressure,Building 14-Floor 3
462,2025-07-29T20:24:40.920424,35.46,temperature,Building 7-Floor 4
463,2025-08-01T16:09:40.920429,1092.04,pressure,Building 5-Floor 2
464,2025-07-29T09:22:40.920433,11.98,temperature,Building 5-Floor 4
465,2025-07-29T10:50:40.920438,7.82,humidity,Building 9-Floor 2
466,2025-08-04T16:41:40.920443,975.23,pressure,Building 10-Floor 1
467,2025-07-31T16:23:40.920447,999.2,pressure,Building 15-Floor 1
468,2025-08-04T07:47:40.920452,1064.96,pressure,Building 12-Floor 5
469,2025-07-29T18:33:40.920456,940.32,pressure,Building 16-Floor 1
470,2025-08-01T16:58:40.920461,1036.1,pressure,Building 19-Floor 5
471,2025-07-29T17:31:40.920465,30.09,temperature,Building 14-Floor 3
472,2025-07-30T17:23:40.920470,1020.11,pressure,Building 3-Floor 4
473,2025-08-03T05:40:40.920475,27.62,temperature,Building 6-Floor 3
474,2025-07-29T11:04:40.920479,18.01,temperature,Building 16-Floor 1
475,2025-07-29T03:09:40.920484,909.5,pressure,Building 2-Floor 3
476,2025-08-03T22:23:40.920489,1072.6,pressure,Building 5-Floor 5
477,2025-07-31T19:39:40.920493,951.28,pressure,Building 15-Floor 4
478,2025-07-31T03:29:40.920498,14.25,temperature,Building 13-Floor 2
479,2025-08-01T04:33:40.920503,4.93,humidity,Building 3-Floor 3
480,2025-07-30T13:27:40.920507,82.37,humidity,Building 8-Floor 5
481,2025-08-04T04:13:40.920512,928.08,pressure,Building 7-Floor 5
482,2025-08-01T16:00:40.920516,1006.99,pressure,Building 19-Floor 3
483,2025-07-31T15:48:40.920521,13.02,temperature,Building 5-Floor 2
484,2025-08-03T12:22:40.920525,978.57,pressure,Building 13-Floor 2
485,2025-07-30T10:59:40.920530,12.39,temperature,Building 10-Floor 4
486,2025-08-02T17:56:40.920547,12.74,temperature,Building 15-Floor 4
487,2025-08-02T03:18:40.920553,13.85,temperature,Building 1-Floor 4
488,2025-08-04T04:19:40.920557,1091.28,pressure,Building 19-Floor 5
489,2025-08-01T08:11:40.920562,11.73,temperature,Building 19-Floor 5
490,2025-07-30T23:20:40.920566,1077.4,pressure,Building 8-Floor 3
491,2025-07-29T22:33:40.920571,32.36,temperature,Building 20-Floor 1
492,2025-07-30T21:13:40.920575,995.48,pressure,Building 6-Floor 4
493,2025-07-31T17:13:40.920580,75.18,humidity,Building 16-Floor 2
494,2025-08-02T05:14:40.920584,47.22,humidity,Building 8-Floor 4
495,2025-08-01T21:46:40.920589,1034.05,pressure,Building 20-Floor 5
496,2025-07-29T07:33:40.920593,1056.54,pressure,Building 17-Floor 3
497,2025-07-30T17:48:40.920598,1093.93,pressure,Building 9-Floor 4
498,2025-08-02T00:12:40.920602,1030.02,pressure,Building 1-Floor 3
499,2025-08-03T18:31:40.920607,78.29,humidity,Building 4-Floor 5
500,2025-07-28T23:29:40.920611,974.54,pressure,Building 15-Floor 3
501,2025-07-30T00:55:40.920616,910.61,pressure,Building 3-Floor 1
502,2025-07-29T07:01:40.920620,1057.52,pressure,Building 20-Floor 2
503,2025-07-31T21:43:40.920625,35.99,temperature,Building 16-Floor 2
504,2025-08-04T16:46:40.920630,953.91,pressure,Building 16-Floor 2
505,2025-08-02T08:07:40.920634,1091.51,pressure,Building 3-Floor 4
506,2025-07-31T14:58:40.920639,89.37,humidity,Building 11-Floor 2
507,2025-07-29T13:01:40.920643,39.24,temperature,Building 1-Floor 2
508,2025-07-31T12:06:40.920648,947.01,pressure,Building 17-Floor 5
509,2025-07-29T19:50:40.920652,24.29,temperature,Building 9-Floor 1
510,2025-07-30T05:17:40.920657,44.21,humidity,Building 20-Floor 4
511,2025-08-02T17:48:40.920661,959.48,pressure,Building 3-Floor 3
512,2025-07-31T20:31:40.920666,29.84,humidity,Building 8-Floor 2
513,2025-08-03T00:03:40.920671,921.39,pressure,Building 17-Floor 3
514,2025-07-30T18:06:40.920675,916.76,pressure,Building 6-Floor 5
515,2025-08-04T17:17:40.920680,1091.54,pressure,Building 5-Floor 5
516,2025-08-03T04:25:40.920684,64.68,humidity,Building 11-Floor 1
517,2025-07-30T12:17:40.920689,26.56,temperature,Building 13-Floor 3
518,2025-07-29T08:31:40.920693,29.86,temperature,Building 13-Floor 5
519,2025-08-03T05:10:40.920698,28.19,temperature,Building 10-Floor 1
520,2025-08-03T11:33:40.920703,80.7,humidity,Building 8-Floor 1
521,2025-08-04T08:13:40.920707,18.44,humidity,Building 8-Floor 5
522,2025-07-29T15:40:40.920711,29.4,temperature,Building 12-Floor 3
523,2025-07-29T08:43:40.920716,76.76,humidity,Building 8-Floor 5
524,2025-08-04T11:16:40.920720,21.7,temperature,Building 6-Floor 4
525,2025-08-01T16:38:40.920725,15.14,humidity,Building 12-Floor 5
526,2025-08-03T00:29:40.920729,36.0,temperature,Building 4-Floor 4
527,2025-07-31T12:50:40.920734,36.36,humidity,Building 11-Floor 1
528,2025-07-31T21:33:40.920738,79.9,humidity,Building 4-Floor 4
529,2025-08-02T15:53:40.920743,928.07,pressure,Building 1-Floor 2
530,2025-08-04T10:06:40.920747,969.82,pressure,Building 15-Floor 5
531,2025-08-02T14:54:40.920752,14.02,temperature,Building 13-Floor 1
532,2025-08-04T05:12:40.920756,33.5,temperature,Building 10-Floor 3
533,2025-07-29T23:39:40.920761,12.03,temperature,Building 12-Floor 2
534,2025-08-03T17:17:40.920765,30.19,temperature,Building 6-Floor 5
535,2025-08-03T20:23:40.920769,908.15,pressure,Building 10-Floor 4
536,2025-07-31T05:24:40.920774,1032.13,pressure,Building 14-Floor 4
537,2025-07-30T12:15:40.920778,1098.22,pressure,Building 7-Floor 3
538,2025-07-28T19:48:40.920783,93.23,humidity,Building 8-Floor 2
539,2025-07-28T18:41:40.920788,940.61,pressure,Building 14-Floor 1
540,2025-08-01T19:24:40.920792,70.64,humidity,Building 4-Floor 3
541,2025-08-02T12:34:40.920797,13.68,temperature,Building 11-Floor 3
542,2025-08-01T22:00:40.920802,28.21,temperature,Building 3-Floor 5
543,2025-07-31T13:55:40.920806,30.6,temperature,Building 2-Floor 4
544,2025-08-03T11:52:40.920811,58.32,humidity,Building 15-Floor 3
545,2025-08-02T12:05:40.920815,23.35,temperature,Building 4-Floor 2
546,2025-08-04T06:10:40.920820,48.85,humidity,Building 5-Floor 5
547,2025-07-30T02:08:40.920824,960.99,pressure,Building 17-Floor 2
548,2025-08-01T01:47:40.920829,38.63,temperature,Building 5-Floor 4
549,2025-07-29T15:52:40.920833,15.07,temperature,Building 18-Floor 2
550,2025-07-30T01:50:40.920838,75.81,humidity,Building 13-Floor 2
551,2025-07-31T18:50:40.920842,14.61,temperature,Building 20-Floor 1
552,2025-08-01T10:59:40.920847,89.49,humidity,Building 7-Floor 5
553,2025-08-01T08:29:40.920851,25.06,humidity,Building 9-Floor 2
554,2025-07-30T18:05:40.920856,26.26,temperature,Building 10-Floor 2
555,2025-08-01T05:28:40.920860,29.74,temperature,Building 8-Floor 5
556,2025-07-30T18:16:40.920865,36.94,temperature,Building 10-Floor 2
557,2025-07-30T05:37:40.920869,1096.78,pressure,Building 5-Floor 3
558,2025-07-31T21:58:40.920874,43.7,humidity,Building 19-Floor 5
559,2025-07-30T02:58:40.920878,21.18,temperature,Building 5-Floor 3
560,2025-08-01T00:36:40.920883,1086.21,pressure,Building 5-Floor 4
561,2025-07-31T12:13:40.920887,43.76,humidity,Building 14-Floor 1
562,2025-07-31T01:18:40.920891,34.59,temperature,Building 7-Floor 1
563,2025-08-01T21:51:40.920896,1011.64,pressure,Building 12-Floor 1
564,2025-08-02T00:24:40.920901,1038.91,pressure,Building 6-Floor 3
565,2025-07-30T23:48:40.920905,82.01,humidity,Building 6-Floor 5
566,2025-08-02T11:05:40.920910,993.31,pressure,Building 10-Floor 1
567,2025-07-29T21:47:40.920914,35.63,temperature,Building 15-Floor 3
568,2025-08-01T04:22:40.920919,30.81,temperature,Building 17-Floor 4
569,2025-07-31T21:39:40.920923,9.17,humidity,Building 5-Floor 4
570,2025-08-01T03:45:40.920928,1094.58,pressure,Building 19-Floor 3
571,2025-08-01T19:17:40.920932,37.74,humidity,Building 12-Floor 2
572,2025-08-01T02:51:40.920937,991.77,pressure,Building 4-Floor 2
573,2025-07-29T23:58:40.920941,1042.33,pressure,Building 7-Floor 4
574,2025-08-03T11:15:40.920946,38.66,temperature,Building 20-Floor 3
575,2025-07-30T10:45:40.920951,36.81,temperature,Building 14-Floor 5
576,2025-08-01T06:05:40.920955,1034.09,pressure,Building 20-Floor 2
577,2025-07-29T23:15:40.920960,1070.85,pressure,Building 13-Floor 5
578,2025-08-03T19:08:40.920964,1037.43,pressure,Building 16-Floor 2
579,2025-07-30T15:08:40.920969,31.52,temperature,Building 7-Floor 1
580,2025-08-01T05:39:40.920974,989.09,pressure,Building 5-Floor 2
581,2025-07-30T04:06:40.920978,63.33,humidity,Building 2-Floor 3
582,2025-07-30T14:51:40.920983,12.25,temperature,Building 11-Floor 5
583,2025-08-03T23:30:40.920987,1084.77,pressure,Building 1-Floor 1
584,2025-07-30T14:04:40.920992,14.26,temperature,Building 20-Floor 4
585,2025-08-02T18:23:40.920996,30.82,humidity,Building 9-Floor 1
586,2025-08-03T03:04:40.921001,11.42,humidity,Building 20-Floor 5
587,2025-08-02T15:01:40.921005,18.14,humidity,Building 13-Floor 5
588,2025-08-03T18:32:40.921010,26.38,temperature,Building 11-Floor 2
589,2025-07-30T15:28:40.921014,926.26,pressure,Building 19-Floor 1
590,2025-08-04T10:36:40.921019,951.08,pressure,Building 4-Floor 4
591,2025-08-01T13:38:40.921023,989.05,pressure,Building 7-Floor 4
592,2025-08-02T06:47:40.921027,903.19,pressure,Building 5-Floor 2
593,2025-08-01T16:51:40.921032,25.55,temperature,Building 3-Floor 5
594,2025-08-02T17:31:40.921036,9.29,humidity,Building 11-Floor 4
595,2025-07-29T00:02:40.921041,15.66,temperature,Building 17-Floor 3
596,2025-07-28T21:56:40.921046,1096.52,pressure,Building 3-Floor 5
597,2025-08-01T02:37:40.921050,18.82,temperature,Building 19-Floor 5
598,2025-07-31T01:55:40.921055,21.46,temperature,Building 9-Floor 3
599,2025-08-01T15:34:40.921059,1089.07,pressure,Building 12-Floor 5
600,2025-07-30T21:55:40.921064,90.31,humidity,Building 4-Floor 2
601,2025-08-04T11:55:40.921069,77.03,humidity,Building 18-Floor 5
602,2025-07-30T17:02:40.921073,29.46,temperature,Building 3-Floor 5
603,2025-07-29T16:45:40.921077,35.57,temperature,Building 3-Floor 5
604,2025-08-02T19:39:40.921082,90.36,humidity,Building 15-Floor 3
605,2025-08-01T06:26:40.921087,949.55,pressure,Building 5-Floor 3
606,2025-08-03T09:19:40.921091,34.95,humidity,Building 10-Floor 4
607,2025-08-04T04:07:40.921105,8.55,humidity,Building 15-Floor 2
608,2025-08-01T02:27:40.921110,996.57,pressure,Building 5-Floor 5
609,2025-07-30T13:32:40.921115,15.28,temperature,Building 16-Floor 1
610,2025-08-03T13:16:40.921119,30.04,temperature,Building 19-Floor 3
611,2025-08-01T18:19:40.921124,14.31,temperature,Building 13-Floor 3
612,2025-07-29T21:40:40.921128,0.89,humidity,Building 6-Floor 5
613,2025-08-04T00:33:40.921133,13.13,temperature,Building 5-Floor 4
614,2025-08-01T03:49:40.921137,38.23,temperature,Building 18-Floor 5
615,2025-08-03T18:31:40.921142,97.84,humidity,Building 10-Floor 1
616,2025-08-01T05:55:40.921146,16.25,temperature,Building 2-Floor 3
617,2025-07-31T10:18:40.921151,18.38,temperature,Building 7-Floor 1
618,2025-08-02T11:29:40.921156,14.24,humidity,Building 1-Floor 3
619,2025-07-31T00:04:40.921160,23.18,temperature,Building 15-Floor 1
620,2025-07-31T18:17:40.921165,910.72,pressure,Building 18-Floor 2
621,2025-07-30T07:15:40.921169,34.46,humidity,Building 12-Floor 3
622,2025-07-30T17:01:40.921174,12.53,temperature,Building 8-Floor 2
623,2025-07-29T13:08:40.921178,1098.3,pressure,Building 11-Floor 2
624,2025-07-29T04:19:40.921183,927.63,pressure,Building 8-Floor 1
625,2025-08-03T19:32:40.921187,84.56,humidity,Building 12-Floor 5
626,2025-08-03T07:38:40.921192,961.37,pressure,Building 9-Floor 4
627,2025-08-03T03:20:40.921196,38.94,humidity,Building 7-Floor 1
628,2025-08-04T05:31:40.921201,7.85,humidity,Building 3-Floor 5
629,2025-07-29T18:19:40.921205,36.58,temperature,Building 2-Floor 5
630,2025-07-31T05:25:40.921209,17.21,temperature,Building 12-Floor 4
631,2025-07-29T04:42:40.921214,40.69,humidity,Building 11-Floor 4
632,2025-07-29T00:12:40.921219,31.34,temperature,Building 14-Floor 4
633,2025-08-03T20:36:40.921223,28.23,temperature,Building 19-Floor 1
634,2025-08-02T16:35:40.921227,55.47,humidity,Building 16-Floor 4
635,2025-07-31T18:15:40.921232,1027.6,pressure,Building 2-Floor 2
636,2025-07-31T03:14:40.921236,1018.92,pressure,Building 3-Floor 1
637,2025-08-03T04:27:40.921241,10.93,temperature,Building 1-Floor 3
638,2025-07-30T11:16:40.921246,88.84,humidity,Building 2-Floor 4
639,2025-08-04T04:34:40.921250,970.08,pressure,Building 17-Floor 3
640,2025-08-01T01:36:40.921255,12.94,humidity,Building 10-Floor 3
641,2025-07-30T16:14:40.921259,14.21,temperature,Building 15-Floor 4
642,2025-07-29T06:05:40.921263,53.78,humidity,Building 18-Floor 5
643,2025-08-04T16:39:40.921268,1003.31,pressure,Building 7-Floor 4
644,2025-08-04T00:23:40.921273,37.8,humidity,Building 19-Floor 1
645,2025-08-04T13:27:40.921277,11.7,temperature,Building 17-Floor 2
646,2025-08-04T07:00:40.921282,938.27,pressure,Building 5-Floor 4
647,2025-08-02T23:21:40.921286,13.12,temperature,Building 16-Floor 2
648,2025-08-01T08:37:40.921291,23.93,temperature,Building 5-Floor 3
649,2025-07-31T20:41:40.921295,21.23,humidity,Building 1-Floor 1
650,2025-07-30T00:51:40.921300,34.87,temperature,Building 1-Floor 4
651,2025-08-04T17:24:40.921304,30.82,temperature,Building 1-Floor 2
652,2025-08-01T05:36:40.921309,20.15,temperature,Building 16-Floor 1
653,2025-08-04T17:05:40.921313,9.93,humidity,Building 10-Floor 3
654,2025-08-02T23:25:40.921318,43.51,humidity,Building 18-Floor 5
655,2025-08-02T14:42:40.921322,1006.07,pressure,Building 9-Floor 4
656,2025-08-04T01:17:40.921327,83.47,humidity,Building 18-Floor 5
657,2025-08-02T04:42:40.921331,29.14,temperature,Building 19-Floor 1
658,2025-08-01T21:43:40.921336,1088.04,pressure,Building 13-Floor 1
659,2025-07-30T04:30:40.921340,53.98,humidity,Building 19-Floor 4
660,2025-08-01T11:38:40.921345,998.99,pressure,Building 11-Floor 1
661,2025-08-01T21:04:40.921350,25.04,humidity,Building 6-Floor 5
662,2025-07-29T16:37:40.921354,38.15,temperature,Building 16-Floor 3
663,2025-08-01T22:50:40.921358,94.31,humidity,Building 3-Floor 3
664,2025-07-29T16:56:40.921363,1019.37,pressure,Building 16-Floor 4
665,2025-07-31T15:31:40.921368,4.71,humidity,Building 19-Floor 1
666,2025-08-04T09:57:40.921372,22.7,temperature,Building 18-Floor 3
667,2025-07-29T20:50:40.921377,69.94,humidity,Building 13-Floor 4
668,2025-08-04T05:43:40.921381,1058.9,pressure,Building 10-Floor 3
669,2025-07-31T05:43:40.921386,1066.97,pressure,Building 7-Floor 1
670,2025-07-31T23:47:40.921390,44.35,humidity,Building 8-Floor 5
671,2025-08-01T15:01:40.921395,1021.56,pressure,Building 11-Floor 4
672,2025-07-29T02:40:40.921399,87.44,humidity,Building 3-Floor 1
673,2025-07-29T04:56:40.921404,908.06,pressure,Building 3-Floor 4
674,2025-07-30T09:42:40.921408,14.38,temperature,Building 7-Floor 5
675,2025-08-02T18:52:40.921413,15.64,temperature,Building 2-Floor 5
676,2025-08-02T17:29:40.921417,978.14,pressure,Building 15-Floor 5
677,2025-08-03T15:36:40.921422,29.63,temperature,Building 9-Floor 3
678,2025-08-01T22:27:40.921426,16.14,temperature,Building 1-Floor 4
679,2025-07-29T23:31:40.921431,34.82,temperature,Building 10-Floor 1
680,2025-07-29T21:08:40.921435,3.2,humidity,Building 20-Floor 5
681,2025-07-29T18:47:40.921440,980.72,pressure,Building 3-Floor 4
682,2025-08-04T14:45:40.921444,954.36,pressure,Building 18-Floor 2
683,2025-08-02T15:20:40.921449,1090.31,pressure,Building 5-Floor 2
684,2025-08-03T13:52:40.921454,52.85,humidity,Building 19-Floor 2
685,2025-07-30T08:43:40.921458,29.37,temperature,Building 11-Floor 3
686,2025-08-02T02:55:40.921463,1008.69,pressure,Building 10-Floor 2
687,2025-08-01T04:47:40.921467,18.23,temperature,Building 18-Floor 4
688,2025-07-30T20:04:40.921472,986.7,pressure,Building 2-Floor 3
689,2025-07-29T09:59:40.921476,932.93,pressure,Building 13-Floor 5
690,2025-07-30T00:07:40.921481,27.86,humidity,Building 5-Floor 5
691,2025-07-31T17:45:40.921485,1054.18,pressure,Building 17-Floor 4
692,2025-08-02T09:37:40.921490,20.59,humidity,Building 6-Floor 3
693,2025-08-04T06:06:40.921494,3.37,humidity,Building 17-Floor 1
694,2025-07-30T10:28:40.921499,76.84,humidity,Building 13-Floor 4
695,2025-08-02T23:08:40.921504,20.83,temperature,Building 7-Floor 1
696,2025-07-30T16:56:40.921508,19.63,temperature,Building 5-Floor 3
697,2025-07-30T13:30:40.921513,1041.5,pressure,Building 10-Floor 3
698,2025-07-28T20:31:40.921518,85.97,humidity,Building 19-Floor 1
699,2025-08-03T13:06:40.921522,17.38,humidity,Building 6-Floor 1
700,2025-07-31T06:04:40.921527,959.26,pressure,Building 9-Floor 5
701,2025-08-03T13:34:40.921531,35.34,temperature,Building 17-Floor 3
702,2025-07-30T01:48:40.921536,968.29,pressure,Building 15-Floor 2
703,2025-07-29T10:05:40.921540,19.59,humidity,Building 16-Floor 4
704,2025-07-31T01:39:40.921545,21.78,humidity,Building 20-Floor 1
705,2025-08-04T08:28:40.921549,11.56,temperature,Building 12-Floor 4
706,2025-07-29T06:46:40.921554,932.68,pressure,Building 19-Floor 4
707,2025-08-03T03:05:40.921558,1082.18,pressure,Building 10-Floor 5
708,2025-07-29T07:27:40.921563,986.05,pressure,Building 18-Floor 3
709,2025-08-02T04:52:40.921567,12.79,temperature,Building 4-Floor 5
710,2025-07-29T04:55:40.921572,33.72,temperature,Building 11-Floor 5
711,2025-08-02T02:17:40.921576,91.3,humidity,Building 9-Floor 5
712,2025-07-30T18:58:40.921581,34.44,humidity,Building 19-Floor 1
713,2025-07-31T19:26:40.921585,927.87,pressure,Building 13-Floor 5
714,2025-08-02T23:11:40.921590,26.08,temperature,Building 6-Floor 1
715,2025-07-31T01:30:40.921594,30.83,temperature,Building 10-Floor 4
716,2025-07-29T20:29:40.921599,940.82,pressure,Building 9-Floor 4
717,2025-08-03T16:48:40.921603,45.42,humidity,Building 15-Floor 5
718,2025-07-29T15:09:40.921608,10.52,temperature,Building 5-Floor 1
719,2025-08-01T20:21:40.921612,35.65,temperature,Building 14-Floor 4
720,2025-07-28T19:11:40.921617,6.9,humidity,Building 16-Floor 4
721,2025-08-03T00:19:40.921621,11.12,temperature,Building 17-Floor 2
722,2025-07-29T20:55:40.921625,17.24,humidity,Building 19-Floor 2
723,2025-07-30T14:21:40.921630,11.82,temperature,Building 19-Floor 4
724,2025-08-04T04:03:40.921634,1057.61,pressure,Building 20-Floor 2
725,2025-08-02T15:08:40.921639,31.25,temperature,Building 13-Floor 2
726,2025-07-28T21:43:40.921644,23.81,temperature,Building 7-Floor 4
727,2025-07-29T21:08:40.921648,968.04,pressure,Building 9-Floor 2
728,2025-08-02T04:02:40.921669,84.85,humidity,Building 6-Floor 4
729,2025-07-31T14:55:40.921675,95.66,humidity,Building 14-Floor 5
730,2025-08-01T20:36:40.921679,73.42,humidity,Building 1-Floor 2
731,2025-08-04T10:57:40.921684,998.33,pressure,Building 10-Floor 3
732,2025-07-29T08:17:40.921689,18.32,temperature,Building 20-Floor 2
733,2025-08-04T06:36:40.921693,28.56,temperature,Building 15-Floor 3
734,2025-07-28T20:26:40.921697,19.29,humidity,Building 2-Floor 5
735,2025-08-01T03:16:40.921701,31.93,temperature,Building 16-Floor 2
736,2025-07-29T00:49:40.921706,1082.74,pressure,Building 7-Floor 1
737,2025-07-31T10:45:40.921710,1034.78,pressure,Building 20-Floor 5
738,2025-08-03T18:30:40.921715,1090.44,pressure,Building 3-Floor 5
739,2025-08-02T12:42:40.921719,12.13,temperature,Building 11-Floor 2
740,2025-07-29T12:56:40.921723,27.31,temperature,Building 14-Floor 1
741,2025-07-30T05:07:40.921728,12.38,temperature,Building 20-Floor 3
742,2025-08-03T20:13:40.921732,3.23,humidity,Building 12-Floor 5
743,2025-08-04T08:51:40.921736,43.5,humidity,Building 5-Floor 1
744,2025-07-31T09:19:40.921741,20.46,temperature,Building 20-Floor 1
745,2025-08-01T13:04:40.921745,931.29,pressure,Building 19-Floor 3
746,2025-08-01T21:01:40.921750,1001.17,pressure,Building 3-Floor 1
747,2025-08-01T23:48:40.921754,6.42,humidity,Building 10-Floor 2
748,2025-08-02T15:31:40.921759,6.66,humidity,Building 5-Floor 2
749,2025-08-03T22:03:40.921763,10.73,temperature,Building 4-Floor 4
750,2025-07-31T07:28:40.921767,17.33,temperature,Building 15-Floor 3
751,2025-08-04T01:06:40.921772,71.61,humidity,Building 13-Floor 1
752,2025-08-01T21:58:40.921776,29.04,temperature,Building 11-Floor 4
753,2025-08-02T19:50:40.921780,38.25,temperature,Building 1-Floor 3
754,2025-07-30T20:42:40.921785,40.61,humidity,Building 5-Floor 1
755,2025-08-03T23:17:40.921789,992.83,pressure,Building 9-Floor 2
756,2025-07-29T00:32:40.921793,905.85,pressure,Building 13-Floor 2
757,2025-08-02T18:39:40.921798,24.17,temperature,Building 20-Floor 1
758,2025-08-02T09:19:40.921802,1065.99,pressure,Building 13-Floor 5
759,2025-08-04T14:08:40.921807,28.13,temperature,Building 17-Floor 1
760,2025-08-04T15:47:40.921811,13.78,temperature,Building 19-Floor 1
761,2025-07-28T21:24:40.921815,35.88,temperature,Building 3-Floor 2
762,2025-08-01T17:51:40.921820,950.13,pressure,Building 13-Floor 5
763,2025-07-31T14:26:40.921824,1024.69,pressure,Building 9-Floor 4
764,2025-07-30T20:19:40.921829,913.02,pressure,Building 19-Floor 2
765,2025-08-04T01:46:40.921833,8.56,humidity,Building 6-Floor 2
766,2025-07-28T23:04:40.921838,16.68,temperature,Building 15-Floor 2
767,2025-07-29T17:47:40.921842,933.12,pressure,Building 20-Floor 1
768,2025-08-01T20:52:40.921846,915.47,pressure,Building 15-Floor 5
769,2025-08-02T11:12:40.921851,17.42,temperature,Building 19-Floor 3
770,2025-08-02T02:01:40.921855,1069.68,pressure,Building 10-Floor 4
771,2025-07-30T21:41:40.921860,15.92,temperature,Building 3-Floor 2
772,2025-08-02T04:55:40.921865,36.32,temperature,Building 4-Floor 4
773,2025-08-02T18:48:40.921872,12.67,temperature,Building 4-Floor 3
774,2025-08-02T14:57:40.921878,36.21,temperature,Building 4-Floor 5
775,2025-07-29T14:51:40.921884,9.1,humidity,Building 13-Floor 4
776,2025-08-01T19:13:40.921889,27.0,temperature,Building 1-Floor 3
777,2025-08-02T07:20:40.921894,59.43,humidity,Building 19-Floor 2
778,2025-07-31T10:56:40.921899,26.13,temperature,Building 20-Floor 5
779,2025-08-03T19:20:40.921904,71.59,humidity,Building 13-Floor 2
780,2025-08-01T09:16:40.921909,63.63,humidity,Building 5-Floor 5
781,2025-08-02T02:25:40.921914,1033.32,pressure,Building 5-Floor 4
782,2025-07-30T04:57:40.921919,977.7,pressure,Building 5-Floor 2
783,2025-07-30T02:30:40.921924,12.17,temperature,Building 16-Floor 4
784,2025-07-29T05:59:40.921929,18.43,temperature,Building 7-Floor 5
785,2025-07-31T00:15:40.921933,86.45,humidity,Building 12-Floor 1
786,2025-08-02T13:02:40.921938,8.08,humidity,Building 18-Floor 5
787,2025-07-30T12:51:40.921943,1033.74,pressure,Building 10-Floor 2
788,2025-08-01T16:58:40.921948,10.19,temperature,Building 14-Floor 4
789,2025-07-30T02:51:40.921953,27.99,temperature,Building 18-Floor 4
790,2025-08-03T03:55:40.921958,83.91,humidity,Building 3-Floor 5
791,2025-07-28T19:49:40.921963,92.23,humidity,Building 2-Floor 4
792,2025-08-03T04:12:40.921967,2.24,humidity,Building 9-Floor 3
793,2025-08-03T07:19:40.921972,12.45,temperature,Building 14-Floor 3
794,2025-07-29T13:53:40.921978,983.58,pressure,Building 14-Floor 2
795,2025-08-02T23:35:40.921982,18.8,temperature,Building 12-Floor 4
796,2025-07-31T21:44:40.921987,96.94,humidity,Building 8-Floor 2
797,2025-08-03T01:28:40.921992,958.09,pressure,Building 8-Floor 4
798,2025-08-02T12:35:40.921997,30.03,temperature,Building 7-Floor 5
799,2025-07-30T21:36:40.922002,988.02,pressure,Building 4-Floor 2
800,2025-08-01T00:21:40.922007,47.98,humidity,Building 4-Floor 3
801,2025-07-31T10:00:40.922012,925.55,pressure,Building 14-Floor 2
802,2025-08-03T19:53:40.922017,913.93,pressure,Building 6-Floor 5
803,2025-07-29T01:25:40.922022,78.35,humidity,Building 8-Floor 1
804,2025-08-02T21:10:40.922027,37.57,temperature,Building 10-Floor 1
805,2025-07-30T07:26:40.922032,24.22,temperature,Building 11-Floor 3
806,2025-07-31T21:14:40.922037,980.93,pressure,Building 11-Floor 1
807,2025-08-03T23:15:40.922042,89.72,humidity,Building 2-Floor 1
808,2025-08-02T02:21:40.922047,66.94,humidity,Building 18-Floor 3
809,2025-07-29T00:08:40.922051,942.84,pressure,Building 3-Floor 1
810,2025-08-04T03:02:40.922056,21.85,temperature,Building 1-Floor 5
811,2025-08-02T13:54:40.922061,1002.65,pressure,Building 19-Floor 1
812,2025-08-02T03:29:40.922066,1052.18,pressure,Building 16-Floor 4
813,2025-07-29T11:45:40.922071,22.99,temperature,Building 14-Floor 2
814,2025-08-04T01:54:40.922076,1068.11,pressure,Building 10-Floor 5
815,2025-08-03T13:19:40.922081,1004.04,pressure,Building 10-Floor 5
816,2025-08-04T02:03:40.922086,51.05,humidity,Building 14-Floor 4
817,2025-08-01T17:29:40.922091,1052.86,pressure,Building 18-Floor 4
818,2025-07-29T16:21:40.922096,15.63,temperature,Building 14-Floor 5
819,2025-07-30T02:08:40.922101,22.63,temperature,Building 3-Floor 4
820,2025-07-31T02:09:40.922106,15.2,humidity,Building 11-Floor 3
821,2025-08-02T04:35:40.922111,1060.52,pressure,Building 17-Floor 4
822,2025-08-04T15:33:40.922116,31.3,temperature,Building 2-Floor 4
823,2025-07-31T22:53:40.922121,2.67,humidity,Building 14-Floor 3
824,2025-08-01T23:42:40.922126,16.81,temperature,Building 2-Floor 3
825,2025-08-02T08:10:40.922131,60.68,humidity,Building 16-Floor 2
826,2025-07-30T12:25:40.922136,30.49,temperature,Building 10-Floor 1
827,2025-07-28T18:26:40.922141,1056.07,pressure,Building 14-Floor 2
828,2025-07-29T07:37:40.922146,1015.39,pressure,Building 18-Floor 1
829,2025-08-04T12:13:40.922151,22.41,humidity,Building 2-Floor 1
830,2025-07-29T16:28:40.922155,1027.46,pressure,Building 15-Floor 5
831,2025-07-30T17:09:40.922160,6.38,humidity,Building 9-Floor 3
832,2025-08-03T07:38:40.922165,73.39,humidity,Building 15-Floor 3
833,2025-07-29T19:29:40.922170,28.72,humidity,Building 11-Floor 5
834,2025-07-30T17:12:40.922175,35.96,temperature,Building 15-Floor 2
835,2025-08-02T14:44:40.922180,903.24,pressure,Building 19-Floor 4
836,2025-07-31T23:13:40.922185,21.04,humidity,Building 2-Floor 3
837,2025-07-29T06:24:40.922190,20.5,temperature,Building 3-Floor 1
838,2025-08-01T07:19:40.922195,998.34,pressure,Building 5-Floor 4
839,2025-08-01T21:01:40.922200,972.09,pressure,Building 13-Floor 1
840,2025-07-30T03:56:40.922205,22.19,temperature,Building 17-Floor 2
841,2025-07-29T07:49:40.922210,926.74,pressure,Building 13-Floor 3
842,2025-07-31T16:01:40.922215,1079.6,pressure,Building 17-Floor 3
843,2025-08-01T17:02:40.922219,1087.18,pressure,Building 16-Floor 1
844,2025-08-01T05:25:40.922224,10.46,temperature,Building 16-Floor 3
845,2025-08-03T22:07:40.922229,80.52,humidity,Building 18-Floor 3
846,2025-07-28T23:06:40.922234,7.35,humidity,Building 16-Floor 3
847,2025-07-31T16:43:40.922239,19.67,temperature,Building 14-Floor 3
848,2025-08-04T11:27:40.922244,24.79,temperature,Building 5-Floor 4
849,2025-07-29T12:13:40.922257,1018.96,pressure,Building 10-Floor 5
850,2025-08-02T14:48:40.922263,17.46,humidity,Building 19-Floor 3
851,2025-08-03T02:19:40.922267,22.51,temperature,Building 7-Floor 3
852,2025-07-30T05:42:40.922272,15.5,humidity,Building 5-Floor 3
853,2025-08-03T06:02:40.922276,12.26,humidity,Building 13-Floor 3
854,2025-08-01T00:32:40.922281,21.12,temperature,Building 19-Floor 3
855,2025-08-01T03:49:40.922285,53.58,humidity,Building 20-Floor 5
856,2025-08-01T00:32:40.922289,12.73,temperature,Building 16-Floor 3
857,2025-08-03T03:12:40.922294,1079.01,pressure,Building 20-Floor 4
858,2025-07-30T23:54:40.922298,6.27,humidity,Building 9-Floor 2
859,2025-07-28T23:36:40.922303,17.73,humidity,Building 13-Floor 3
860,2025-07-29T08:14:40.922307,42.33,humidity,Building 5-Floor 1
861,2025-08-04T02:47:40.922311,985.07,pressure,Building 7-Floor 2
862,2025-07-30T15:28:40.922316,28.74,temperature,Building 11-Floor 5
863,2025-07-29T21:57:40.922320,24.28,humidity,Building 1-Floor 3
864,2025-08-04T17:40:40.922325,89.26,humidity,Building 14-Floor 5
865,2025-07-30T20:07:40.922329,66.27,humidity,Building 6-Floor 5
866,2025-08-01T15:13:40.922335,16.12,temperature,Building 16-Floor 4
867,2025-08-02T20:47:40.922340,88.23,humidity,Building 20-Floor 2
868,2025-07-31T00:30:40.922344,85.53,humidity,Building 15-Floor 1
869,2025-08-01T13:30:40.922349,57.91,humidity,Building 8-Floor 1
870,2025-07-31T04:11:40.922353,69.84,humidity,Building 3-Floor 2
871,2025-07-31T06:26:40.922358,1009.63,pressure,Building 14-Floor 2
872,2025-08-02T20:42:40.922363,91.38,humidity,Building 15-Floor 2
873,2025-07-31T04:42:40.922367,18.68,temperature,Building 9-Floor 1
874,2025-08-02T21:28:40.922372,13.37,temperature,Building 20-Floor 3
875,2025-08-03T06:01:40.922376,22.68,humidity,Building 6-Floor 1
876,2025-08-01T20:17:40.922381,18.36,temperature,Building 6-Floor 3
877,2025-07-29T22:41:40.922385,973.3,pressure,Building 15-Floor 1
878,2025-08-04T18:06:40.922390,34.54,temperature,Building 1-Floor 5
879,2025-08-03T18:31:40.922394,917.54,pressure,Building 1-Floor 1
880,2025-08-02T14:20:40.922399,21.9,temperature,Building 18-Floor 5
881,2025-07-29T07:51:40.922403,48.54,humidity,Building 12-Floor 1
882,2025-07-29T02:35:40.922408,26.84,temperature,Building 6-Floor 3
883,2025-08-03T13:10:40.922412,913.58,pressure,Building 7-Floor 5
884,2025-07-31T04:46:40.922417,12.07,temperature,Building 10-Floor 5
885,2025-07-30T14:40:40.922421,16.68,temperature,Building 8-Floor 5
886,2025-08-02T00:04:40.922426,30.63,temperature,Building 18-Floor 4
887,2025-08-03T08:52:40.922431,37.4,temperature,Building 18-Floor 3
888,2025-08-01T18:09:40.922435,907.8,pressure,Building 7-Floor 1
889,2025-08-04T03:06:40.922440,30.4,temperature,Building 5-Floor 5
890,2025-08-04T01:43:40.922444,18.58,temperature,Building 15-Floor 1
891,2025-08-02T15:01:40.922449,20.06,temperature,Building 3-Floor 2
892,2025-07-30T12:06:40.922453,960.03,pressure,Building 7-Floor 5
893,2025-08-01T17:05:40.922458,987.71,pressure,Building 20-Floor 5
894,2025-07-31T11:14:40.922463,23.31,humidity,Building 9-Floor 5
895,2025-08-03T01:05:40.922467,22.64,humidity,Building 1-Floor 1
896,2025-08-01T10:48:40.922471,36.25,temperature,Building 14-Floor 2
897,2025-08-03T00:05:40.922476,15.29,temperature,Building 15-Floor 3
898,2025-07-30T06:39:40.922480,28.5,humidity,Building 9-Floor 3
899,2025-08-04T10:00:40.922485,98.6,humidity,Building 18-Floor 3
900,2025-08-03T23:42:40.922489,11.81,temperature,Building 11-Floor 4
901,2025-08-04T08:11:40.922494,981.77,pressure,Building 4-Floor 3
902,2025-07-29T23:40:40.922498,80.22,humidity,Building 3-Floor 1
903,2025-08-01T02:16:40.922503,4.71,humidity,Building 2-Floor 3
904,2025-07-31T00:41:40.922508,35.53,temperature,Building 8-Floor 2
905,2025-07-29T12:15:40.922512,88.14,humidity,Building 16-Floor 3
906,2025-08-01T19:20:40.922517,41.79,humidity,Building 16-Floor 4
907,2025-08-01T19:58:40.922521,62.0,humidity,Building 2-Floor 3
908,2025-08-02T17:56:40.922525,977.88,pressure,Building 18-Floor 5
909,2025-08-01T01:29:40.922530,87.95,humidity,Building 3-Floor 4
910,2025-08-02T22:57:40.922534,49.55,humidity,Building 6-Floor 2
911,2025-07-31T02:51:40.922539,71.0,humidity,Building 11-Floor 4
912,2025-07-31T15:30:40.922543,36.75,temperature,Building 3-Floor 5
913,2025-07-31T13:06:40.922547,10.74,humidity,Building 19-Floor 1
914,2025-07-31T19:28:40.922552,96.32,humidity,Building 15-Floor 2
915,2025-08-04T14:57:40.922556,39.55,humidity,Building 8-Floor 5
916,2025-07-29T01:36:40.922561,20.45,temperature,Building 3-Floor 5
917,2025-08-01T17:31:40.922565,2.87,humidity,Building 2-Floor 1
918,2025-07-29T00:14:40.922570,948.63,pressure,Building 7-Floor 4
919,2025-08-01T10:16:40.922574,23.39,humidity,Building 16-Floor 4
920,2025-08-03T00:11:40.922579,4.51,humidity,Building 5-Floor 2
921,2025-08-01T17:56:40.922583,95.66,humidity,Building 4-Floor 4
922,2025-07-31T10:11:40.922588,910.18,pressure,Building 2-Floor 1
923,2025-08-01T19:22:40.922592,1065.33,pressure,Building 9-Floor 4
924,2025-07-31T02:28:40.922597,16.21,temperature,Building 17-Floor 4
925,2025-07-29T21:59:40.922601,2.62,humidity,Building 12-Floor 4
926,2025-08-02T04:31:40.922606,18.77,temperature,Building 17-Floor 5
927,2025-07-29T01:03:40.922611,13.58,temperature,Building 16-Floor 2
928,2025-08-01T17:46:40.922615,97.34,humidity,Building 17-Floor 2
929,2025-08-03T13:13:40.922620,946.48,pressure,Building 1-Floor 1
930,2025-07-31T07:41:40.922624,11.35,temperature,Building 1-Floor 1
931,2025-08-02T23:28:40.922629,37.4,humidity,Building 10-Floor 2
932,2025-08-02T10:55:40.922633,13.18,temperature,Building 7-Floor 1
933,2025-08-01T12:25:40.922638,37.91,humidity,Building 2-Floor 4
934,2025-08-03T14:20:40.922642,61.0,humidity,Building 2-Floor 1
935,2025-07-30T23:09:40.922646,58.91,humidity,Building 4-Floor 2
936,2025-08-02T23:52:40.922650,10.38,humidity,Building 9-Floor 2
937,2025-08-01T04:04:40.922655,69.7,humidity,Building 10-Floor 3
938,2025-08-02T01:08:40.922659,12.25,temperature,Building 2-Floor 2
939,2025-07-30T08:11:40.922664,27.98,humidity,Building 17-Floor 4
940,2025-08-02T03:41:40.922669,38.48,temperature,Building 8-Floor 1
941,2025-08-03T00:53:40.922673,37.6,temperature,Building 7-Floor 5
942,2025-08-03T19:27:40.922678,904.28,pressure,Building 6-Floor 1
943,2025-07-30T21:42:40.922682,26.35,temperature,Building 15-Floor 5
944,2025-07-29T09:08:40.922687,38.92,humidity,Building 11-Floor 3
945,2025-08-03T16:59:40.922691,1067.8,pressure,Building 18-Floor 1
946,2025-07-31T18:37:40.922695,30.23,temperature,Building 16-Floor 4
947,2025-07-31T04:37:40.922700,11.8,temperature,Building 5-Floor 4
948,2025-08-03T18:06:40.922704,43.65,humidity,Building 17-Floor 5
949,2025-07-30T22:43:40.922708,24.55,temperature,Building 15-Floor 4
950,2025-07-30T04:15:40.922713,68.42,humidity,Building 20-Floor 3
951,2025-08-02T13:01:40.922717,18.09,temperature,Building 14-Floor 4
952,2025-08-01T00:00:40.922722,63.73,humidity,Building 2-Floor 3
953,2025-08-04T10:15:40.922726,28.98,humidity,Building 18-Floor 1
954,2025-07-31T18:35:40.922730,12.26,temperature,Building 1-Floor 3
955,2025-07-31T19:06:40.922735,68.86,humidity,Building 3-Floor 1
956,2025-08-02T03:03:40.922739,1093.29,pressure,Building 17-Floor 1
957,2025-07-29T06:13:40.922743,966.03,pressure,Building 19-Floor 2
958,2025-07-31T18:22:40.922748,38.1,humidity,Building 2-Floor 4
959,2025-08-02T18:27:40.922752,89.51,humidity,Building 9-Floor 1
960,2025-07-30T05:08:40.922757,85.95,humidity,Building 10-Floor 2
961,2025-07-29T14:35:40.922761,1094.23,pressure,Building 16-Floor 1
962,2025-07-29T22:09:40.922766,15.98,humidity,Building 15-Floor 3
963,2025-08-04T15:25:40.922770,15.56,temperature,Building 9-Floor 5
964,2025-08-02T19:23:40.922775,986.75,pressure,Building 3-Floor 1
965,2025-08-01T20:35:40.922779,22.57,temperature,Building 6-Floor 2
966,2025-08-01T09:30:40.922784,25.52,temperature,Building 7-Floor 5
967,2025-08-04T05:49:40.922788,13.27,temperature,Building 20-Floor 5
968,2025-07-30T03:26:40.922792,22.49,temperature,Building 2-Floor 5
969,2025-07-28T19:46:40.922796,54.85,humidity,Building 8-Floor 5
970,2025-08-04T12:28:40.922801,1081.11,pressure,Building 10-Floor 1
971,2025-08-02T01:11:40.922815,57.97,humidity,Building 2-Floor 2
972,2025-07-31T13:27:40.922820,12.1,humidity,Building 17-Floor 2
973,2025-08-02T15:23:40.922825,72.78,humidity,Building 18-Floor 3
974,2025-07-28T22:20:40.922829,70.26,humidity,Building 20-Floor 1
975,2025-08-02T23:02:40.922833,45.8,humidity,Building 14-Floor 1
976,2025-08-02T10:28:40.922838,992.95,pressure,Building 3-Floor 1
977,2025-07-29T09:53:40.922842,943.8,pressure,Building 8-Floor 1
978,2025-08-04T04:53:40.922846,911.1,pressure,Building 10-Floor 3
979,2025-07-31T07:03:40.922851,1072.11,pressure,Building 1-Floor 3
980,2025-08-03T20:20:40.922856,970.86,pressure,Building 3-Floor 4
981,2025-08-01T09:58:40.922860,945.03,pressure,Building 17-Floor 1
982,2025-07-29T05:38:40.922864,26.25,humidity,Building 1-Floor 5
983,2025-08-03T16:23:40.922869,66.69,humidity,Building 2-Floor 4
984,2025-08-01T15:48:40.922873,1025.06,pressure,Building 11-Floor 4
985,2025-08-01T19:59:40.922877,11.14,humidity,Building 4-Floor 2
986,2025-08-01T15:47:40.922882,0.2,humidity,Building 18-Floor 1
987,2025-08-04T08:33:40.922886,77.21,humidity,Building 9-Floor 5
988,2025-07-30T07:25:40.922890,1029.18,pressure,Building 20-Floor 1
989,2025-07-31T02:57:40.922895,28.84,temperature,Building 15-Floor 3
990,2025-07-29T12:44:40.922899,65.31,humidity,Building 3-Floor 1
991,2025-08-02T15:47:40.922904,35.42,temperature,Building 15-Floor 4
992,2025-08-03T15:34:40.922908,942.13,pressure,Building 13-Floor 2
993,2025-07-29T13:07:40.922912,83.07,humidity,Building 20-Floor 1
994,2025-07-29T15:10:40.922917,21.89,humidity,Building 12-Floor 2
995,2025-08-04T03:44:40.922921,34.42,temperature,Building 5-Floor 2
996,2025-07-29T15:12:40.922925,1006.38,pressure,Building 8-Floor 2
997,2025-08-02T23:51:40.922930,17.73,temperature,Building 17-Floor 3
998,2025-07-31T23:35:40.922934,76.9,humidity,Building 8-Floor 1
999,2025-08-04T02:57:40.922938,21.77,temperature,Building 14-Floor 4
1000,2025-08-03T16:19:40.922943,1000.62,pressure,Building 4-Floor 4
